Jacob,1,20,2011
Ethan,6,2,2009
Michael,1,7,2012
Mark,2,1,2010
William,3,7,2008
Noah,10,10,2011
Daniel,11,7,2010
Aiden,10,4,2010
Anthony,7,17,2012
Christopher,6,10,2012
Andrew,4,5,2009
David,3,22,2010
Matthew,4,6,2008
Caleb,11,10,2012
Elijah,7,12,2009
James,10,18,2010
Gabriel,2,22,2012
Benjamin,3,10,2011
Brandon,4,14,2009
Samuel,10,14,2008
John,4,14,2012
Nathan,11,18,2009
Jonathan,8,19,2009
Liam,12,5,2009
Dylan,2,10,2010
Landon,6,20,2011
Evan,1,26,2010
Nicholas,7,23,2012
Isaac,5,13,2008
Luke,8,16,2010
Isaiah,6,9,2008
Jordan,7,12,2010
Carter,12,1,2012
Jose,9,20,2010
Robert,6,2,2010
Aaron,12,22,2008
Kevin,8,7,2009
Hunter,7,16,2008
Zachary,3,18,2008
Thomas,11,16,2009
Eli,3,26,2009
Henry,11,13,2012
Juan,3,25,2011
Josiah,6,14,2011
Connor,10,19,2008
Adam,3,18,2008
Nathaniel,7,18,2011
Blake,5,20,2012
Oliver,11,8,2009
Alex,10,18,2008
Eric,8,21,2012
Bryan,4,2,2010
Max,11,2,2009
Brian,12,18,2009
Wyatt,3,28,2009
Kyle,4,25,2009
Sean,8,27,2009
Jason,7,18,2010
Levi,6,9,2011
Ian,1,14,2009
Jack,12,12,2012
Ryan,12,6,2012
Christian,11,25,2010
Vincent,4,4,2008
Colin,1,6,2008
Steven,5,7,2009
Damian,6,26,2009
Grayson,6,4,2008
Ivan,12,20,2012
Jesse,2,14,2012
Brady,11,10,2011
Jeremiah,9,18,2010
Marcus,6,23,2010
Lucas,6,17,2012
Hudson,8,6,2011
Elias,3,14,2011
Jeremy,8,19,2009
Ivan,9,17,2010
Jonah,3,6,2011
Easton,1,25,2009
Joshua,5,8,2011
Joseph,4,6,2011
Richard,9,17,2011
Patrick,1,27,2008
Charles,3,10,2010
Joel,7,8,2011
Maxwell,6,11,2011
Edward,12,5,2011
Emmanuel,5,26,2011
Conner,1,17,2010
Cody,5,4,2008
Wesley,2,10,2012
Kenneth,10,25,2010
Nicolas,6,27,2008
George,4,15,2010
Seth,9,6,2011
Derek,12,5,2008
Jude,10,1,2011
Omar,6,11,2009
Travis,2,10,2010
Paul,10,18,2010
Bradley,1,16,2008
Fernando,10,9,2012
Damien,9,5,2012
Leo,9,25,2009
Abraham,3,2,2008
Ricardo,1,27,2008
Francisco,10,28,2009
Shane,12,11,2011
Stephen,9,22,2008
Edgar,11,16,2010
Johnathan,12,1,2010
Donovan,12,20,2009
Silas,6,10,2010
Jeffrey,5,3,2010
Raymond,6,8,2009
Jared,6,10,2008
Drew,8,3,2009
Troy,2,14,2012
Simon,7,21,2011
Graham,1,4,2009
Finn,2,23,2012
Frank,11,8,2010
Darius,9,7,2010
Corey,10,8,2009
Danny,9,3,2008
Justin,4,27,2010
Taylor,11,6,2008
Louis,9,2,2012
Randy,12,21,2008
Jerry,8,7,2008
Chris,4,20,2008
Casey,6,19,2012
Curtis,3,14,2010
August,2,19,2010
Jonas,4,4,2010
Noel,6,20,2008
Jamison,4,1,2012
Moses,10,3,2009
Tommy,11,6,2011
Isiah,11,14,2009
Joey,6,27,2009
Reggie,10,2,2010
Billy,8,4,2009
Willie,4,13,2009
Brent,4,25,2011
Harry,1,4,2010
Francis,9,20,2012
Toby,1,1,2010
Davin,2,14,2011
Lewis,7,8,2012
Eugene,10,19,2008
Wayne,4,24,2012
Steve,9,3,2010
Hank,6,1,2011
Todd,8,12,2009
Sylas,7,14,2012
Ralph,3,28,2011
Zack,12,7,2010
Isabella,5,20,2012
Sophia,2,12,2010
Emma,1,26,2009
Olivia,10,19,2012
Ava,5,10,2009
Emily,9,16,2012
Abigail,8,1,2012
Elizabeth,3,3,2011
Chloe,1,17,2008
Mia,12,6,2010
Natalie,9,3,2011
Samantha,12,10,2010
Lily,11,26,2010
Grace,6,4,2009
Hailey,6,27,2008
Lillian,5,10,2008
Hannah,5,12,2010
Claire,4,18,2008
Leah,10,21,2009
Ashley,1,21,2011
Anna,5,16,2012
Sarah,10,7,2011
Zoe,1,13,2009
Victoria,1,3,2008
Taylor,10,23,2012
Allison,8,15,2009
Evelyn,8,15,2008
Amelia,3,1,2008
Charlotte,10,9,2012
Savannah,4,9,2011
Bella,1,20,2008
Peyton,7,25,2009
Faith,1,10,2008
Julia,4,21,2008
Lauren,6,22,2009
Sophie,3,6,2010
Jessica,2,9,2010
Ruby,9,26,2008
Erin,6,15,2009
Lucy,10,9,2009
Madeline,9,28,2010
Andrea,2,6,2011
Melanie,6,4,2010
Molly,2,12,2011
Caroline,11,13,2012
Angelina,1,14,2009
Naomi,1,15,2012
Mariah,7,3,2010
Natalia,1,3,2012
Rachel,4,28,2010
Vanessa,6,5,2012
Lilly,6,14,2011
Katherine,1,14,2011
Amy,4,2,2012
Marie,6,3,2010
Jennifer,6,24,2010
Brianna,1,27,2009
Mary,7,1,2012
Lydia,10,1,2012
Sadie,5,27,2010
Julianna,4,5,2008
Nicole,4,19,2010
Viola,8,3,2010
Lilianna,10,6,2008
Michelle,10,19,2010
Stephanie,3,23,2012
Gracie,11,15,2008
Megan,2,4,2009
Rebecca,12,6,2009
Jenna,9,9,2009
Piper,4,23,2008
Daisy,11,5,2010
Melissa,7,11,2010
Jillian,10,9,2008
Ashton,2,25,2008
Valerie,4,8,2012
Clara,12,4,2011
Morgan,6,17,2009
Adrianna,10,19,2010
Celeste,5,28,2010
Charlie,4,19,2010
Haley,5,19,2009
Melissa,10,27,2010
Angela,9,17,2008
Alice,12,24,2012
Summer,3,21,2010
Eleanor,3,26,2008
April,3,4,2010
Willow,4,14,2008
Julianna,3,9,2008
Amber,1,3,2010
Jordan,4,17,2011
Josephine,1,18,2011
Amanda,1,3,2010
Diana,5,7,2011
Catherine,11,14,2009
Angel,1,20,2011
Danielle,1,9,2009
Ariel,8,3,2010
Leslie,12,8,2012
Penelope,2,28,2008
Aurora,4,6,2008
Marissa,5,13,2008
Erin,1,19,2009
Sierra,6,15,2008
Jane,7,10,2009
Karen,7,26,2011
Carly,3,1,2009
Alicia,11,16,2008
Tessa,4,18,2010
Chelsea,8,3,2010
Maggie,7,9,2009
Alexia,5,17,2010
Nadia,2,2,2011
Cassidy,7,22,2012
Kyla,8,8,2011
Christina,10,5,2008
Fiona,3,9,2008
Laura,5,10,2010
Cecilia,9,25,2009
Caitlyn,5,19,2012
Malia,11,22,2010
Heidi,6,24,2008
Joanna,1,21,2009
Kelly,1,13,2012
Annabella,4,2,2009
Crystal,6,9,2010
Nina,9,19,2008
Rose,11,27,2010
Georgia,6,26,2009
Paris,4,3,2008
Cassandra,8,20,2008
Luna,7,24,2010
Ruth,2,23,2009
April,11,27,2009
Cynthia,9,25,2009
Jane,1,4,2011
Arabella,10,23,2009
Carolina,7,2,2011
Annie,5,5,2009
Cindy,10,3,2012
Holly,10,2,2009
Marie,6,9,2011
Erica,8,23,2009
Sage,6,24,2008
Celia,2,11,2009
Denise,2,14,2008
Lizbeth,10,21,2011
Anne,4,10,2010
Casey,6,11,2009
Lindsay,8,11,2012
Virginia,10,17,2012
Heather,5,20,2011
Patricia,8,21,2012
Linda,1,20,2009
Dahlia,8,10,2010
Jessie,12,11,2010
Phoenix,12,18,2008
Lilianna,10,26,2011
Christine,4,27,2011
Shannon,5,25,2008
Sonia,1,1,2010
Ann,7,4,2008
Jenny,3,15,2010
Marisa,7,14,2010
Mae,3,18,2012
Willa,8,25,2011
Dolly,7,16,2011
Jacob,8,4,2010
Ethan,12,8,2010
Michael,10,16,2008
Mark,12,20,2009
William,7,26,2010
Noah,2,26,2012
Daniel,5,12,2012
Aiden,3,28,2008
Anthony,8,28,2008
Christopher,5,10,2012
Andrew,10,13,2008
David,6,1,2012
Matthew,11,6,2009
Caleb,3,4,2010
Elijah,1,2,2010
James,7,3,2012
Gabriel,1,15,2008
Benjamin,2,3,2011
Brandon,4,2,2010
Samuel,5,11,2010
John,4,21,2010
Nathan,11,27,2008
Jonathan,6,28,2009
Liam,3,11,2009
Dylan,3,13,2010
Landon,6,7,2008
Evan,3,18,2008
Nicholas,8,12,2009
Isaac,10,24,2010
Luke,8,22,2010
Isaiah,12,8,2011
Jordan,5,14,2010
Carter,7,24,2008
Jose,2,1,2008
Robert,8,17,2009
Aaron,3,21,2008
Kevin,12,7,2010
Hunter,4,15,2010
Zachary,10,8,2012
Thomas,6,26,2010
Eli,10,15,2010
Henry,12,9,2009
Juan,10,18,2010
Josiah,4,12,2010
Connor,4,9,2008
Adam,7,17,2009
Nathaniel,5,12,2008
Blake,12,28,2009
Oliver,12,8,2008
Alex,11,14,2012
Eric,1,25,2010
Bryan,9,20,2010
Max,8,22,2010
Brian,1,10,2012
Wyatt,1,6,2011
Kyle,4,26,2011
Sean,6,26,2011
Jason,4,3,2009
Levi,12,6,2011
Ian,9,19,2010
Jack,1,24,2012
Ryan,4,24,2011
Christian,3,1,2008
Vincent,6,27,2008
Colin,8,23,2010
Steven,4,28,2010
Damian,12,21,2009
Grayson,12,6,2009
Ivan,11,19,2010
Jesse,4,26,2011
Brady,6,18,2012
Jeremiah,11,13,2011
Marcus,2,6,2009
Lucas,1,8,2009
Hudson,4,12,2010
Elias,8,24,2009
Jeremy,1,6,2011
Ivan,11,6,2012
Jonah,11,15,2010
Easton,9,24,2012
Joshua,7,14,2008
Joseph,10,18,2008
Richard,9,27,2009
Patrick,12,17,2008
Charles,10,17,2010
Joel,12,3,2009
Maxwell,6,25,2009
Edward,1,15,2012
Emmanuel,1,25,2011
Conner,5,4,2011
Cody,12,12,2012
Wesley,2,15,2011
Kenneth,7,20,2011
Nicolas,11,3,2009
George,2,18,2009
Seth,4,8,2010
Derek,10,7,2010
Jude,7,23,2010
Omar,9,9,2010
Travis,8,10,2011
Paul,11,23,2012
Bradley,7,9,2008
Fernando,1,22,2009
Damien,8,8,2008
Leo,2,23,2008
Abraham,4,20,2012
Ricardo,4,12,2008
Francisco,8,9,2009
Shane,6,1,2010
Stephen,6,14,2009
Edgar,7,8,2010
Johnathan,8,27,2011
Donovan,11,18,2011
Silas,5,4,2010
Jeffrey,5,19,2010
Raymond,3,16,2011
Jared,7,12,2008
Drew,4,3,2010
Troy,11,19,2010
Simon,9,27,2008
Graham,5,14,2009
Finn,9,3,2012
Frank,2,28,2012
Darius,9,4,2008
Corey,3,20,2012
Danny,2,19,2010
Justin,8,6,2010
Taylor,5,6,2011
Louis,8,7,2011
Randy,8,25,2012
Jerry,10,26,2010
Chris,7,10,2010
Casey,4,15,2011
Curtis,2,22,2009
August,7,13,2012
Jonas,12,11,2010
Noel,10,21,2011
Jamison,11,11,2009
Moses,11,12,2012
Tommy,7,27,2009
Isiah,5,2,2011
Joey,3,8,2012
Reggie,3,8,2008
Billy,9,23,2010
Willie,3,7,2011
Brent,12,5,2012
Harry,5,9,2011
Francis,7,28,2012
Toby,7,24,2012
Davin,1,11,2012
Lewis,3,13,2008
Eugene,6,10,2009
Wayne,5,2,2009
Steve,9,23,2011
Hank,3,18,2009
Todd,12,23,2009
Sylas,8,15,2008
Ralph,8,24,2010
Zack,7,5,2009
Isabella,6,6,2009
Sophia,5,10,2008
Emma,12,19,2010
Olivia,4,16,2009
Ava,6,21,2012
Emily,4,28,2012
Abigail,3,28,2009
Elizabeth,5,22,2010
Chloe,3,11,2010
Mia,11,5,2008
Natalie,8,24,2009
Samantha,10,16,2012
Lily,11,6,2010
Grace,8,10,2010
Hailey,11,13,2009
Lillian,12,18,2010
Hannah,2,13,2011
Claire,2,20,2011
Leah,10,2,2012
Ashley,6,3,2010
Anna,5,2,2012
Sarah,2,4,2008
Zoe,8,11,2010
Victoria,12,26,2010
Taylor,2,14,2009
Allison,6,27,2008
Evelyn,2,19,2009
Amelia,11,18,2010
Charlotte,11,2,2008
Savannah,3,1,2009
Bella,11,5,2010
Peyton,11,18,2012
Faith,1,12,2010
Julia,9,16,2010
Lauren,11,11,2008
Sophie,7,19,2010
Jessica,3,25,2012
Ruby,5,4,2011
Erin,5,17,2008
Lucy,4,20,2008
Madeline,6,1,2010
Andrea,3,25,2012
Melanie,8,2,2008
Molly,7,27,2011
Caroline,2,7,2008
Angelina,11,21,2008
Naomi,10,14,2012
Mariah,10,9,2011
Natalia,6,5,2009
Rachel,12,26,2010
Vanessa,1,12,2009
Lilly,9,11,2008
Katherine,5,25,2008
Amy,10,21,2011
Marie,4,27,2011
Jennifer,4,3,2009
Brianna,1,16,2010
Mary,4,3,2008
Lydia,12,18,2011
Sadie,8,25,2009
Julianna,1,13,2010
Nicole,2,1,2012
Viola,4,3,2012
Lilianna,3,3,2011
Michelle,10,24,2009
Stephanie,4,11,2009
Gracie,5,19,2012
Megan,2,28,2008
Rebecca,6,6,2011
Jenna,8,25,2008
Piper,7,18,2010
Daisy,6,17,2012
Melissa,4,22,2008
Jillian,5,26,2008
Ashton,6,12,2011
Valerie,8,21,2009
Clara,10,18,2009
Morgan,8,5,2010
Adrianna,11,28,2012
Celeste,5,20,2012
Charlie,12,2,2009
Haley,10,2,2011
Melissa,11,11,2010
Angela,11,22,2008
Alice,3,28,2012
Summer,6,13,2012
Eleanor,2,24,2008
April,1,2,2009
Willow,4,5,2010
Julianna,5,10,2009
Amber,7,18,2010
Jordan,10,10,2008
Josephine,3,10,2009
Amanda,11,23,2008
Diana,8,5,2010
Catherine,4,24,2010
Angel,5,20,2012
Danielle,4,23,2010
Ariel,4,18,2008
Leslie,12,25,2009
Penelope,8,6,2008
Aurora,3,3,2010
Marissa,11,18,2008
Erin,12,21,2012
Sierra,1,21,2010
Jane,3,9,2011
Karen,3,15,2012
Carly,1,7,2009
Alicia,1,5,2009
Tessa,7,24,2010
Chelsea,12,20,2010
Maggie,7,27,2011
Alexia,6,1,2009
Nadia,7,10,2010
Cassidy,5,19,2011
Kyla,11,13,2010
Christina,7,27,2008
Fiona,9,26,2010
Laura,6,1,2010
Cecilia,8,23,2012
Caitlyn,4,5,2011
Malia,12,20,2009
Heidi,4,21,2011
Joanna,2,22,2012
Kelly,2,16,2009
Annabella,4,10,2009
Crystal,5,7,2011
Nina,1,15,2012
Rose,6,24,2009
Georgia,6,21,2012
Paris,12,15,2008
Cassandra,1,21,2009
Luna,10,13,2008
Ruth,3,20,2012
April,7,22,2008
Cynthia,9,28,2008
Jane,11,23,2009
Arabella,2,27,2008
Carolina,5,18,2012
Annie,12,19,2010
Cindy,12,26,2009
Holly,1,27,2009
Marie,9,27,2008
Erica,7,28,2009
Sage,8,5,2011
Celia,6,6,2012
Denise,11,28,2010
Lizbeth,6,26,2012
Anne,10,1,2012
Casey,4,2,2011
Lindsay,4,5,2008
Virginia,11,8,2011
Heather,8,15,2012
Patricia,5,13,2008
Linda,8,9,2011
Dahlia,3,14,2011
Jessie,6,12,2010
Phoenix,1,4,2012
Lilianna,12,27,2012
Christine,7,14,2011
Shannon,9,23,2008
Sonia,5,13,2012
Ann,2,14,2010
Jenny,5,4,2008
Marisa,11,3,2012
Mae,11,23,2011
Willa,5,7,2010
Dolly,8,11,2011
Jacob,5,19,2010
Ethan,1,20,2009
Michael,3,2,2009
Mark,10,21,2010
William,10,8,2012
Noah,2,13,2008
Daniel,3,19,2011
Aiden,9,23,2008
Anthony,8,15,2009
Christopher,4,1,2011
Andrew,3,9,2012
David,5,4,2012
Matthew,10,4,2012
Caleb,10,15,2009
Elijah,5,15,2008
James,12,25,2011
Gabriel,2,14,2008
Benjamin,7,28,2012
Brandon,8,25,2009
Samuel,2,27,2010
John,6,7,2008
Nathan,1,9,2010
Jonathan,7,9,2008
Liam,3,9,2012
Dylan,4,17,2008
Landon,9,27,2009
Evan,7,21,2009
Nicholas,3,13,2009
Isaac,4,12,2008
Luke,4,5,2012
Isaiah,10,11,2010
Jordan,7,1,2010
Carter,8,25,2009
Jose,4,3,2010
Robert,1,5,2012
Aaron,6,28,2008
Kevin,10,5,2010
Hunter,7,18,2010
Zachary,12,17,2008
Thomas,8,26,2011
Eli,10,26,2012
Henry,8,17,2011
Juan,6,6,2011
Josiah,12,15,2008
Connor,4,24,2010
Adam,7,11,2008
Nathaniel,1,23,2008
Blake,12,8,2009
Oliver,8,16,2011
Alex,12,15,2010
Eric,8,5,2012
Bryan,11,19,2009
Max,12,15,2010
Brian,6,17,2009
Wyatt,3,25,2011
Kyle,6,21,2011
Sean,1,7,2012
Jason,2,15,2012
Levi,4,21,2010
Ian,7,14,2011
Jack,10,6,2010
Ryan,11,23,2009
Christian,6,13,2008
Vincent,9,5,2012
Colin,11,20,2012
Steven,3,6,2012
Damian,10,26,2010
Grayson,7,21,2012
Ivan,5,6,2011
Jesse,3,27,2011
Brady,7,2,2009
Jeremiah,11,12,2009
Marcus,6,20,2008
Lucas,10,14,2008
Hudson,2,21,2012
Elias,2,10,2011
Jeremy,7,9,2010
Ivan,1,18,2010
Jonah,9,26,2012
Easton,5,23,2010
Joshua,7,7,2009
Joseph,3,27,2008
Richard,7,24,2010
Patrick,9,26,2008
Charles,12,27,2008
Joel,4,14,2008
Maxwell,7,10,2010
Edward,2,10,2012
Emmanuel,8,15,2009
Conner,8,24,2009
Cody,4,5,2012
Wesley,4,24,2010
Kenneth,4,15,2009
Nicolas,12,3,2010
George,2,2,2012
Seth,7,19,2008
Derek,12,28,2010
Jude,6,16,2008
Omar,4,18,2008
Travis,11,28,2012
Paul,6,8,2008
Bradley,3,5,2008
Fernando,7,27,2009
Damien,4,2,2010
Leo,6,10,2012
Abraham,6,24,2009
Ricardo,3,17,2012
Francisco,4,8,2012
Shane,11,17,2008
Stephen,2,15,2012
Edgar,3,2,2011
Johnathan,12,16,2009
Donovan,10,20,2009
Silas,11,3,2010
Jeffrey,1,10,2011
Raymond,7,12,2010
Jared,12,2,2012
Drew,12,1,2010
Troy,5,7,2011
Simon,12,19,2009
Graham,9,9,2010
Finn,8,28,2012
Frank,7,7,2009
Darius,9,12,2008
Corey,6,11,2009
Danny,5,18,2009
Justin,4,3,2012
Taylor,9,17,2010
Louis,6,10,2009
Randy,7,14,2010
Jerry,10,9,2008
Chris,10,8,2009
Casey,9,14,2009
Curtis,10,17,2011
August,1,6,2011
Jonas,12,15,2010
Noel,11,20,2012
Jamison,6,11,2012
Moses,6,24,2009
Tommy,3,13,2009
Isiah,11,22,2008
Joey,9,16,2010
Reggie,1,19,2012
Billy,3,12,2008
Willie,3,12,2011
Brent,9,16,2012
Harry,7,4,2012
Francis,1,9,2010
Toby,11,17,2012
Davin,10,6,2008
Lewis,1,11,2008
Eugene,2,4,2012
Wayne,6,19,2009
Steve,10,12,2009
Hank,9,25,2009
Todd,1,15,2011
Sylas,9,7,2009
Ralph,4,7,2009
Zack,2,12,2009
Isabella,4,10,2011
Sophia,5,5,2009
Emma,11,4,2012
Olivia,1,27,2009
Ava,12,23,2009
Emily,10,19,2012
Abigail,3,11,2009
Elizabeth,3,23,2008
Chloe,6,27,2012
Mia,8,2,2011
Natalie,5,21,2010
Samantha,8,16,2012
Lily,5,18,2008
Grace,1,9,2008
Hailey,3,18,2011
Lillian,1,4,2011
Hannah,5,19,2012
Claire,7,19,2009
Leah,3,26,2012
Ashley,7,3,2010
Anna,2,13,2008
Sarah,3,21,2009
Zoe,5,11,2008
Victoria,6,24,2008
Taylor,10,2,2012
Allison,9,14,2010
Evelyn,9,23,2010
Amelia,4,26,2011
Charlotte,7,5,2012
Savannah,7,2,2011
Bella,11,18,2010
Peyton,8,7,2009
Faith,1,26,2012
Julia,10,6,2010
Lauren,11,27,2008
Sophie,6,12,2012
Jessica,9,4,2011
Ruby,3,28,2012
Erin,1,21,2010
Lucy,11,9,2012
Madeline,3,15,2010
Andrea,8,11,2010
Melanie,4,9,2012
Molly,5,19,2012
Caroline,10,26,2011
Angelina,12,5,2010
Naomi,4,17,2010
Mariah,5,2,2012
Natalia,5,24,2009
Rachel,9,2,2012
Vanessa,3,5,2011
Lilly,2,25,2012
Katherine,2,13,2011
Amy,6,12,2012
Marie,7,4,2011
Jennifer,5,12,2010
Brianna,2,20,2012
Mary,1,24,2012
Lydia,1,24,2012
Sadie,6,16,2010
Julianna,6,9,2009
Nicole,6,2,2010
Viola,6,15,2011
Lilianna,8,23,2012
Michelle,11,28,2011
Stephanie,8,27,2011
Gracie,4,26,2010
Megan,1,13,2008
Rebecca,5,14,2012
Jenna,9,24,2010
Piper,12,9,2008
Daisy,7,13,2012
Melissa,10,7,2008
Jillian,3,27,2008
Ashton,2,5,2011
Valerie,9,1,2011
Clara,9,22,2010
Morgan,11,1,2010
Adrianna,5,2,2012
Celeste,11,10,2009
Charlie,4,3,2009
Haley,6,7,2012
Melissa,2,5,2010
Angela,2,6,2010
Alice,8,27,2010
Summer,1,13,2008
Eleanor,8,4,2010
April,5,1,2010
Willow,12,2,2012
Julianna,5,1,2009
Amber,8,17,2010
Jordan,1,16,2009
Josephine,8,25,2010
Amanda,11,12,2012
Diana,11,5,2010
Catherine,2,3,2010
Angel,5,5,2012
Danielle,7,25,2011
Ariel,6,8,2011
Leslie,8,3,2008
Penelope,7,5,2009
Aurora,9,1,2010
Marissa,5,21,2012
Erin,2,5,2008
Sierra,9,24,2009
Jane,3,12,2010
Karen,11,14,2012
Carly,10,1,2010
Alicia,2,11,2009
Tessa,11,12,2012
Chelsea,9,7,2012
Maggie,10,28,2011
Alexia,5,2,2011
Nadia,8,28,2011
Cassidy,3,8,2010
Kyla,9,22,2009
Christina,2,12,2012
Fiona,10,10,2009
Laura,6,17,2011
Cecilia,10,3,2009
Caitlyn,3,9,2010
Malia,4,16,2008
Heidi,8,10,2010
Joanna,2,16,2008
Kelly,3,20,2010
Annabella,12,26,2008
Crystal,1,6,2012
Nina,11,9,2008
Rose,1,2,2008
Georgia,4,16,2009
Paris,4,7,2009
Cassandra,3,25,2012
Luna,11,1,2012
Ruth,5,5,2009
April,3,18,2008
Cynthia,8,26,2008
Jane,10,18,2009
Arabella,2,16,2011
Carolina,5,17,2009
Annie,10,6,2009
Cindy,8,17,2008
Holly,8,22,2009
Marie,4,7,2009
Erica,3,9,2009
Sage,7,13,2012
Celia,6,18,2011
Denise,10,5,2010
Lizbeth,6,11,2008
Anne,2,20,2008
Casey,1,18,2010
Lindsay,11,3,2008
Virginia,5,28,2011
Heather,5,23,2009
Patricia,10,23,2009
Linda,3,5,2012
Dahlia,1,11,2011
Jessie,11,7,2009
Phoenix,3,17,2012
Lilianna,2,12,2010
Christine,10,24,2011
Shannon,8,7,2010
Sonia,11,4,2008
Ann,8,7,2011
Jenny,6,27,2011
Marisa,6,19,2012
Mae,4,10,2009
Willa,10,22,2011
Dolly,6,10,2010
Jacob,10,26,2009
Ethan,9,1,2012
Michael,4,19,2008
Mark,9,24,2009
William,10,13,2009
Noah,8,12,2011
Daniel,11,6,2008
Aiden,4,15,2011
Anthony,10,24,2011
Christopher,9,18,2010
Andrew,2,23,2012
David,7,21,2012
Matthew,5,9,2008
Caleb,9,21,2010
Elijah,5,26,2008
James,3,9,2010
Gabriel,2,10,2011
Benjamin,8,18,2010
Brandon,4,11,2009
Samuel,9,3,2008
John,9,11,2008
Nathan,12,3,2008
Jonathan,10,6,2008
Liam,7,9,2011
Dylan,9,8,2011
Landon,4,9,2011
Evan,3,8,2009
Nicholas,3,28,2012
Isaac,1,10,2012
Luke,2,9,2012
Isaiah,12,11,2010
Jordan,12,10,2008
Carter,2,1,2011
Jose,4,21,2009
Robert,3,18,2010
Aaron,2,12,2009
Kevin,3,9,2008
Hunter,7,18,2011
Zachary,11,11,2010
Thomas,9,20,2010
Eli,4,14,2011
Henry,9,15,2012
Juan,6,3,2010
Josiah,10,26,2008
Connor,7,12,2011
Adam,5,3,2010
Nathaniel,12,3,2008
Blake,7,17,2011
Oliver,11,1,2010
Alex,1,11,2010
Eric,1,17,2010
Bryan,1,25,2010
Max,2,18,2010
Brian,4,1,2009
Wyatt,6,11,2011
Kyle,10,27,2011
Sean,2,21,2012
Jason,1,1,2010
Levi,4,8,2011
Ian,8,4,2009
Jack,8,12,2009
Ryan,7,8,2009
Christian,1,5,2008
Vincent,3,11,2009
Colin,10,20,2009
Steven,12,8,2012
Damian,4,18,2010
Grayson,3,17,2009
Ivan,8,28,2009
Jesse,12,15,2011
Brady,3,21,2009
Jeremiah,8,11,2012
Marcus,1,15,2012
Lucas,8,13,2011
Hudson,3,6,2008
Elias,7,3,2008
Jeremy,2,12,2010
Ivan,12,20,2011
Jonah,4,25,2011
Easton,4,18,2012
Joshua,4,2,2008
Joseph,10,13,2011
Richard,6,14,2011
Patrick,7,27,2010
Charles,7,24,2010
Joel,10,20,2012
Maxwell,3,3,2008
Edward,8,10,2012
Emmanuel,8,3,2011
Conner,3,1,2008
Cody,11,18,2009
Wesley,4,26,2008
Kenneth,10,16,2008
Nicolas,6,16,2008
George,8,9,2012
Seth,3,7,2009
Derek,5,28,2010
Jude,3,26,2011
Omar,4,25,2012
Travis,8,13,2009
Paul,1,1,2011
Bradley,1,23,2008
Fernando,4,27,2009
Damien,8,27,2012
Leo,7,7,2012
Abraham,8,18,2012
Ricardo,2,7,2009
Francisco,3,15,2009
Shane,4,8,2008
Stephen,2,26,2009
Edgar,4,10,2010
Johnathan,4,11,2010
Donovan,6,5,2009
Silas,3,6,2009
Jeffrey,7,12,2010
Raymond,5,18,2010
Jared,6,23,2012
Drew,7,7,2012
Troy,1,10,2008
Simon,3,17,2008
Graham,12,9,2011
Finn,1,23,2010
Frank,9,24,2011
Darius,8,12,2008
Corey,2,4,2010
Danny,3,26,2009
Justin,9,28,2011
Taylor,12,10,2009
Louis,8,2,2012
Randy,8,3,2012
Jerry,2,9,2011
Chris,4,19,2008
Casey,12,22,2012
Curtis,9,18,2011
August,12,4,2011
Jonas,11,28,2008
Noel,1,1,2010
Jamison,7,11,2010
Moses,9,17,2012
Tommy,2,8,2012
Isiah,9,11,2009
Joey,12,6,2009
Reggie,12,13,2010
Billy,12,16,2009
Willie,10,9,2011
Brent,11,11,2009
Harry,3,7,2011
Francis,1,28,2012
Toby,9,6,2008
Davin,10,17,2012
Lewis,11,5,2012
Eugene,3,12,2008
Wayne,9,18,2011
Steve,8,14,2011
Hank,12,14,2008
Todd,12,23,2012
Sylas,10,8,2010
Ralph,9,3,2008
Zack,7,27,2009
Isabella,4,20,2008
Sophia,8,2,2008
Emma,3,5,2011
Olivia,3,3,2008
Ava,1,16,2012
Emily,12,28,2012
Abigail,10,11,2012
Elizabeth,4,1,2008
Chloe,2,3,2012
Mia,2,24,2009
Natalie,8,27,2009
Samantha,1,6,2008
Lily,1,25,2009
Grace,1,1,2012
Hailey,10,7,2010
Lillian,11,20,2012
Hannah,2,16,2008
Claire,11,17,2012
Leah,1,14,2008
Ashley,10,22,2008
Anna,10,3,2010
Sarah,3,16,2009
Zoe,9,16,2010
Victoria,11,2,2010
Taylor,8,25,2010
Allison,12,21,2009
Evelyn,12,13,2008
Amelia,10,15,2011
Charlotte,9,15,2008
Savannah,7,13,2012
Bella,11,12,2010
Peyton,2,2,2010
Faith,6,6,2008
Julia,6,9,2012
Lauren,8,8,2010
Sophie,5,7,2008
Jessica,1,12,2012
Ruby,7,19,2008
Erin,10,28,2008
Lucy,2,25,2008
Madeline,5,5,2010
Andrea,7,3,2012
Melanie,6,18,2008
Molly,3,19,2011
Caroline,8,9,2012
Angelina,5,13,2010
Naomi,5,17,2011
Mariah,11,19,2011
Natalia,5,25,2010
Rachel,4,5,2009
Vanessa,10,26,2012
Lilly,2,15,2011
Katherine,6,17,2010
Amy,9,23,2008
Marie,7,7,2011
Jennifer,8,17,2008
Brianna,5,19,2011
Mary,8,15,2009
Lydia,10,4,2009
Sadie,5,22,2011
Julianna,7,12,2009
Nicole,1,19,2008
Viola,3,19,2010
Lilianna,2,15,2009
Michelle,9,3,2010
Stephanie,3,7,2011
Gracie,9,1,2008
Megan,5,1,2011
Rebecca,8,28,2008
Jenna,3,26,2008
Piper,7,11,2012
Daisy,4,7,2012
Melissa,12,15,2010
Jillian,5,24,2011
Ashton,5,2,2010
Valerie,1,5,2009
Clara,12,27,2010
Morgan,5,1,2010
Adrianna,11,5,2009
Celeste,4,1,2010
Charlie,1,19,2009
Haley,4,22,2009
Melissa,10,3,2012
Angela,9,20,2011
Alice,7,26,2010
Summer,8,23,2009
Eleanor,8,6,2010
April,2,7,2010
Willow,7,5,2010
Julianna,4,18,2008
Amber,3,6,2012
Jordan,7,27,2008
Josephine,10,28,2011
Amanda,10,8,2010
Diana,10,3,2011
Catherine,10,16,2009
Angel,10,6,2010
Danielle,12,26,2009
Ariel,10,14,2008
Leslie,7,3,2009
Penelope,12,12,2008
Aurora,10,11,2011
Marissa,1,2,2008
Erin,9,19,2010
Sierra,1,9,2010
Jane,4,9,2012
Karen,1,18,2008
Carly,8,2,2009
Alicia,5,13,2008
Tessa,8,26,2012
Chelsea,10,20,2012
Maggie,2,18,2008
Alexia,8,3,2009
Nadia,2,22,2008
Cassidy,9,24,2008
Kyla,10,8,2009
Christina,7,13,2011
Fiona,3,2,2011
Laura,12,9,2012
Cecilia,11,13,2009
Caitlyn,10,2,2012
Malia,2,6,2009
Heidi,12,8,2012
Joanna,9,1,2009
Kelly,10,26,2009
Annabella,10,9,2010
Crystal,10,23,2009
Nina,11,17,2011
Rose,4,28,2012
Georgia,2,7,2009
Paris,6,27,2008
Cassandra,12,17,2008
Luna,12,8,2010
Ruth,7,23,2012
April,12,5,2011
Cynthia,4,22,2009
Jane,6,20,2011
Arabella,8,27,2009
Carolina,6,26,2012
Annie,7,24,2012
Cindy,7,2,2008
Holly,9,27,2010
Marie,9,16,2010
Erica,8,14,2008
Sage,4,13,2008
Celia,3,8,2010
Denise,8,27,2011
Lizbeth,12,14,2012
Anne,12,14,2012
Casey,11,21,2008
Lindsay,10,2,2011
Virginia,9,14,2009
Heather,1,25,2010
Patricia,12,17,2012
Linda,2,15,2012
Dahlia,5,3,2011
Jessie,2,13,2012
Phoenix,8,13,2008
Lilianna,8,18,2011
Christine,3,15,2008
Shannon,6,25,2009
Sonia,7,15,2008
Ann,2,22,2009
Jenny,4,7,2011
Marisa,10,17,2012
Mae,3,1,2009
Willa,7,1,2010
Dolly,9,10,2012
Jacob,8,7,2009
Ethan,2,21,2010
Michael,5,26,2009
Mark,2,28,2012
William,12,26,2011
Noah,1,14,2010
Daniel,9,27,2009
Aiden,6,19,2009
Anthony,2,17,2011
Christopher,2,22,2010
Andrew,11,22,2010
David,4,22,2012
Matthew,6,3,2011
Caleb,8,12,2008
Elijah,3,14,2012
James,8,15,2009
Gabriel,3,6,2011
Benjamin,2,25,2011
Brandon,1,20,2012
Samuel,12,6,2011
John,10,20,2008
Nathan,2,22,2008
Jonathan,3,9,2012
Liam,9,13,2010
Dylan,6,8,2008
Landon,4,2,2011
Evan,10,16,2008
Nicholas,6,22,2009
Isaac,10,15,2011
Luke,6,24,2011
Isaiah,11,15,2011
Jordan,4,11,2009
Carter,1,9,2008
Jose,2,7,2009
Robert,8,8,2011
Aaron,5,26,2011
Kevin,3,3,2008
Hunter,10,9,2009
Zachary,1,18,2011
Thomas,2,9,2011
Eli,9,15,2008
Henry,4,24,2012
Juan,12,18,2011
Josiah,11,4,2009
Connor,2,11,2010
Adam,1,7,2012
Nathaniel,6,8,2012
Blake,4,11,2009
Oliver,6,7,2010
Alex,8,20,2008
Eric,4,3,2009
Bryan,9,8,2012
Max,12,9,2010
Brian,5,2,2009
Wyatt,8,15,2011
Kyle,5,23,2010
Sean,9,28,2012
Jason,11,6,2012
Levi,10,16,2011
Ian,6,23,2009
Jack,3,12,2011
Ryan,8,16,2008
Christian,11,9,2012
Vincent,2,8,2008
Colin,8,28,2012
Steven,12,28,2012
Damian,6,25,2008
Grayson,10,9,2011
Ivan,1,6,2011
Jesse,11,1,2008
Brady,10,9,2010
Jeremiah,12,18,2009
Marcus,7,20,2011
Lucas,4,17,2009
Hudson,1,20,2011
Elias,7,5,2008
Jeremy,1,11,2009
Ivan,9,3,2012
Jonah,8,16,2009
Easton,3,20,2008
Joshua,9,7,2009
Joseph,12,25,2011
Richard,12,7,2008
Patrick,11,5,2010
Charles,6,6,2012
Joel,10,24,2012
Maxwell,7,22,2011
Edward,11,21,2009
Emmanuel,9,23,2008
Conner,4,14,2012
Cody,4,28,2010
Wesley,4,15,2011
Kenneth,2,19,2011
Nicolas,12,11,2010
George,1,11,2008
Seth,4,12,2010
Derek,7,4,2010
Jude,10,15,2009
Omar,12,23,2009
Travis,8,7,2011
Paul,6,7,2010
Bradley,4,7,2010
Fernando,2,10,2008
Damien,5,15,2011
Leo,11,7,2010
Abraham,10,24,2011
Ricardo,11,4,2011
Francisco,7,5,2012
Shane,9,22,2009
Stephen,4,25,2009
Edgar,12,22,2008
Johnathan,10,12,2009
Donovan,10,2,2008
Silas,12,21,2010
Jeffrey,8,5,2010
Raymond,7,23,2010
Jared,12,22,2008
Drew,11,12,2009
Troy,9,25,2010
Simon,5,5,2011
Graham,3,23,2008
Finn,10,16,2009
Frank,5,18,2012
Darius,1,15,2009
Corey,9,7,2009
Danny,4,17,2010
Justin,3,26,2008
Taylor,5,15,2008
Louis,2,10,2010
Randy,9,14,2012
Jerry,5,21,2010
Chris,10,6,2012
Casey,1,26,2009
Curtis,6,4,2009
August,5,12,2012
Jonas,1,13,2010
Noel,11,21,2009
Jamison,1,27,2008
Moses,6,6,2012
Tommy,9,23,2009
Isiah,11,13,2011
Joey,12,17,2012
Reggie,10,3,2012
Billy,3,10,2011
Willie,1,23,2011
Brent,12,20,2010
Harry,11,12,2008
Francis,2,9,2010
Toby,10,9,2010
Davin,11,10,2010
Lewis,6,25,2012
Eugene,6,20,2010
Wayne,8,3,2009
Steve,10,17,2010
Hank,9,15,2012
Todd,3,14,2010
Sylas,2,7,2009
Ralph,11,5,2011
Zack,12,23,2009
Isabella,6,10,2010
Sophia,3,12,2011
Emma,12,8,2008
Olivia,5,28,2011
Ava,1,1,2008
Emily,9,19,2008
Abigail,10,8,2011
Elizabeth,11,22,2011
Chloe,6,10,2011
Mia,4,3,2009
Natalie,3,4,2010
Samantha,9,7,2010
Lily,3,22,2008
Grace,12,21,2012
Hailey,6,25,2009
Lillian,11,18,2012
Hannah,2,19,2011
Claire,8,12,2008
Leah,3,15,2009
Ashley,1,5,2009
Anna,1,22,2009
Sarah,5,14,2011
Zoe,10,2,2009
Victoria,12,24,2008
Taylor,10,9,2011
Allison,8,17,2009
Evelyn,8,16,2012
Amelia,5,5,2011
Charlotte,9,5,2012
Savannah,12,9,2011
Bella,3,28,2012
Peyton,6,10,2009
Faith,10,7,2011
Julia,10,16,2012
Lauren,2,1,2012
Sophie,8,16,2009
Jessica,9,1,2009
Ruby,2,26,2011
Erin,8,14,2012
Lucy,12,7,2010
Madeline,8,22,2012
Andrea,2,23,2008
Melanie,11,22,2010
Molly,9,17,2011
Caroline,10,13,2012
Angelina,9,5,2008
Naomi,3,1,2011
Mariah,4,8,2010
Natalia,3,17,2008
Rachel,2,28,2012
Vanessa,7,5,2009
Lilly,4,6,2009
Katherine,11,21,2009
Amy,7,28,2010
Marie,5,19,2009
Jennifer,9,15,2011
Brianna,8,12,2012
Mary,7,14,2011
Lydia,3,1,2010
Sadie,8,26,2009
Julianna,4,26,2010
Nicole,5,20,2012
Viola,6,4,2012
Lilianna,11,16,2009
Michelle,8,27,2010
Stephanie,7,13,2011
Gracie,11,21,2010
Megan,11,20,2009
Rebecca,5,3,2011
Jenna,5,28,2009
Piper,9,27,2009
Daisy,5,27,2010
Melissa,8,28,2009
Jillian,10,2,2010
Ashton,9,17,2011
Valerie,1,26,2009
Clara,2,26,2008
Morgan,4,25,2009
Adrianna,11,8,2010
Celeste,9,2,2012
Charlie,1,26,2011
Haley,9,10,2008
Melissa,5,7,2010
Angela,7,17,2011
Alice,10,13,2011
Summer,2,28,2009
Eleanor,10,19,2008
April,12,8,2009
Willow,6,26,2009
Julianna,2,21,2010
Amber,2,21,2009
Jordan,11,2,2009
Josephine,9,6,2011
Amanda,1,27,2009
Diana,10,4,2011
Catherine,3,17,2009
Angel,8,13,2011
Danielle,12,23,2012
Ariel,9,3,2012
Leslie,6,2,2011
Penelope,5,13,2009
Aurora,12,14,2009
Marissa,2,15,2011
Erin,9,3,2009
Sierra,9,16,2008
Jane,1,3,2008
Karen,9,20,2011
Carly,10,15,2011
Alicia,5,27,2011
Tessa,7,18,2011
Chelsea,4,21,2008
Maggie,2,7,2008
Alexia,5,3,2008
Nadia,11,3,2010
Cassidy,3,4,2011
Kyla,4,17,2010
Christina,9,15,2009
Fiona,1,12,2009
Laura,4,23,2011
Cecilia,9,1,2011
Caitlyn,9,21,2008
Malia,4,8,2012
Heidi,1,20,2012
Joanna,8,22,2012
Kelly,3,16,2010
Annabella,4,8,2011
Crystal,2,27,2009
Nina,1,7,2012
Rose,6,21,2012
Georgia,3,5,2011
Paris,4,20,2012
Cassandra,3,5,2008
Luna,1,16,2010
Ruth,1,9,2011
April,8,27,2010
Cynthia,4,25,2010
Jane,2,5,2009
Arabella,3,15,2010
Carolina,7,12,2012
Annie,12,17,2011
Cindy,2,22,2009
Holly,6,19,2011
Marie,2,24,2008
Erica,12,8,2009
Sage,6,27,2011
Celia,5,27,2010
Denise,10,3,2010
Lizbeth,1,11,2012
Anne,2,27,2011
Casey,8,17,2012
Lindsay,7,1,2010
Virginia,3,17,2009
Heather,12,6,2009
Patricia,6,24,2009
Linda,8,28,2011
Dahlia,1,1,2008
Jessie,7,15,2009
Phoenix,9,28,2010
Lilianna,1,10,2008
Christine,3,24,2012
Shannon,1,14,2008
Sonia,9,26,2012
Ann,11,19,2008
Jenny,1,25,2010
Marisa,3,6,2011
Mae,7,18,2012
Willa,4,28,2008
Dolly,1,9,2012
Jacob,8,23,2011
Ethan,9,7,2008
Michael,5,3,2010
Mark,3,18,2008
William,7,9,2008
Noah,1,9,2010
Daniel,11,7,2012
Aiden,9,27,2009
Anthony,12,25,2010
Christopher,6,5,2011
Andrew,12,14,2012
David,10,3,2012
Matthew,11,16,2009
Caleb,6,20,2009
Elijah,9,11,2012
James,7,26,2009
Gabriel,1,9,2012
Benjamin,12,22,2008
Brandon,12,22,2009
Samuel,11,20,2012
John,8,12,2010
Nathan,4,17,2009
Jonathan,11,13,2011
Liam,4,1,2010
Dylan,4,20,2009
Landon,7,5,2009
Evan,8,21,2011
Nicholas,3,10,2012
Isaac,11,10,2008
Luke,5,7,2008
Isaiah,5,9,2012
Jordan,3,26,2008
Carter,10,4,2009
Jose,4,10,2008
Robert,4,21,2009
Aaron,5,17,2011
Kevin,1,26,2011
Hunter,8,10,2009
Zachary,5,25,2010
Thomas,3,3,2009
Eli,4,2,2012
Henry,2,10,2010
Juan,6,1,2011
Josiah,6,20,2011
Connor,6,28,2008
Adam,12,21,2012
Nathaniel,3,1,2009
Blake,7,12,2009
Oliver,3,26,2010
Alex,6,2,2008
Eric,6,2,2009
Bryan,8,12,2010
Max,4,22,2009
Brian,1,2,2011
Wyatt,2,4,2010
Kyle,11,21,2010
Sean,12,25,2011
Jason,9,15,2008
Levi,4,27,2009
Ian,5,11,2012
Jack,6,4,2008
Ryan,2,19,2008
Christian,6,25,2012
Vincent,10,17,2012
Colin,7,5,2010
Steven,4,4,2012
Damian,4,13,2010
Grayson,12,13,2009
Ivan,2,10,2010
Jesse,5,20,2010
Brady,9,14,2012
Jeremiah,4,18,2008
Marcus,12,26,2008
Lucas,4,6,2010
Hudson,5,5,2008
Elias,4,3,2008
Jeremy,5,18,2008
Ivan,5,25,2011
Jonah,9,14,2012
Easton,7,2,2012
Joshua,11,3,2010
Joseph,3,11,2010
Richard,3,20,2011
Patrick,12,28,2008
Charles,6,23,2011
Joel,6,9,2010
Maxwell,11,20,2012
Edward,10,3,2011
Emmanuel,12,23,2011
Conner,12,25,2011
Cody,6,19,2009
Wesley,10,11,2009
Kenneth,7,3,2012
Nicolas,11,13,2011
George,7,28,2012
Seth,2,16,2009
Derek,12,16,2010
Jude,10,9,2011
Omar,2,19,2008
Travis,3,12,2009
Paul,11,25,2008
Bradley,8,1,2010
Fernando,3,8,2010
Damien,8,16,2010
Leo,2,2,2009
Abraham,3,12,2009
Ricardo,1,10,2010
Francisco,7,12,2009
Shane,10,19,2010
Stephen,6,9,2010
Edgar,10,26,2011
Johnathan,12,7,2010
Donovan,8,17,2012
Silas,4,20,2010
Jeffrey,1,27,2010
Raymond,1,22,2009
Jared,8,27,2010
Drew,6,2,2008
Troy,12,24,2008
Simon,8,14,2009
Graham,10,21,2010
Finn,5,24,2010
Frank,9,13,2008
Darius,5,16,2009
Corey,8,28,2011
Danny,11,20,2009
Justin,3,23,2012
Taylor,11,15,2012
Louis,8,26,2009
Randy,5,13,2011
Jerry,8,24,2012
Chris,1,25,2008
Casey,11,17,2010
Curtis,5,28,2012
August,12,7,2011
Jonas,12,8,2009
Noel,1,25,2008
Jamison,4,19,2012
Moses,1,9,2010
Tommy,1,25,2010
Isiah,10,6,2008
Joey,12,17,2011
Reggie,12,17,2012
Billy,6,2,2008
Willie,9,9,2008
Brent,8,11,2012
Harry,6,26,2012
Francis,2,11,2011
Toby,12,4,2010
Davin,5,3,2008
Lewis,8,10,2009
Eugene,1,4,2008
Wayne,11,19,2008
Steve,12,12,2009
Hank,11,25,2011
Todd,6,25,2012
Sylas,8,12,2008
Ralph,11,6,2009
Zack,4,14,2009
Isabella,12,25,2009
Sophia,8,1,2012
Emma,7,28,2009
Olivia,5,5,2012
Ava,10,18,2011
Emily,7,1,2010
Abigail,7,4,2009
Elizabeth,11,25,2012
Chloe,2,18,2010
Mia,9,2,2010
Natalie,8,21,2012
Samantha,6,22,2012
Lily,6,7,2011
Grace,4,10,2009
Hailey,11,4,2010
Lillian,8,18,2008
Hannah,12,27,2011
Claire,2,20,2011
Leah,5,21,2008
Ashley,9,13,2011
Anna,6,26,2011
Sarah,3,10,2011
Zoe,1,7,2012
Victoria,11,19,2012
Taylor,8,25,2011
Allison,4,24,2011
Evelyn,7,20,2008
Amelia,2,3,2009
Charlotte,12,28,2011
Savannah,12,14,2011
Bella,1,15,2008
Peyton,8,10,2008
Faith,10,1,2012
Julia,3,20,2009
Lauren,4,28,2012
Sophie,4,19,2012
Jessica,8,8,2009
Ruby,10,10,2010
Erin,12,4,2012
Lucy,1,22,2008
Madeline,9,18,2010
Andrea,3,22,2010
Melanie,12,13,2010
Molly,9,14,2012
Caroline,12,25,2012
Angelina,11,28,2010
Naomi,8,16,2010
Mariah,1,10,2009
Natalia,9,23,2012
Rachel,5,8,2009
Vanessa,11,5,2011
Lilly,3,22,2010
Katherine,11,4,2009
Amy,4,20,2010
Marie,3,25,2009
Jennifer,12,14,2010
Brianna,2,27,2011
Mary,8,1,2008
Lydia,7,24,2012
Sadie,3,27,2012
Julianna,1,24,2011
Nicole,1,26,2011
Viola,3,20,2012
Lilianna,1,27,2012
Michelle,9,14,2009
Stephanie,8,13,2009
Gracie,3,16,2012
Megan,9,28,2009
Rebecca,11,23,2009
Jenna,12,8,2009
Piper,10,4,2009
Daisy,9,3,2012
Melissa,2,5,2008
Jillian,7,6,2009
Ashton,9,10,2009
Valerie,9,16,2009
Clara,11,3,2009
Morgan,2,28,2012
Adrianna,4,7,2009
Celeste,4,28,2008
Charlie,12,3,2011
Haley,8,20,2009
Melissa,10,18,2011
Angela,7,23,2011
Alice,7,26,2009
Summer,7,10,2011
Eleanor,7,15,2008
April,1,1,2008
Willow,9,8,2012
Julianna,2,2,2011
Amber,7,16,2010
Jordan,4,1,2011
Josephine,11,6,2008
Amanda,5,14,2011
Diana,12,19,2011
Catherine,9,16,2009
Angel,1,11,2011
Danielle,6,11,2011
Ariel,6,27,2011
Leslie,7,15,2008
Penelope,2,8,2011
Aurora,5,13,2009
Marissa,7,15,2012
Erin,2,4,2008
Sierra,8,23,2011
Jane,6,15,2012
Karen,4,7,2011
Carly,10,1,2008
Alicia,9,28,2008
Tessa,7,13,2010
Chelsea,9,18,2008
Maggie,2,5,2011
Alexia,2,5,2008
Nadia,12,19,2009
Cassidy,11,28,2009
Kyla,10,6,2011
Christina,7,22,2008
Fiona,8,28,2008
Laura,9,16,2010
Cecilia,5,2,2012
Caitlyn,4,13,2009
Malia,9,11,2011
Heidi,10,1,2012
Joanna,2,22,2012
Kelly,9,26,2010
Annabella,5,24,2008
Crystal,12,23,2010
Nina,5,24,2008
Rose,5,19,2012
Georgia,7,27,2010
Paris,8,19,2011
Cassandra,10,1,2011
Luna,5,22,2008
Ruth,5,4,2011
April,6,7,2012
Cynthia,8,24,2012
Jane,8,27,2008
Arabella,6,3,2011
Carolina,6,15,2009
Annie,12,11,2012
Cindy,12,20,2012
Holly,6,8,2011
Marie,6,16,2012
Erica,3,15,2010
Sage,1,11,2010
Celia,2,16,2011
Denise,2,23,2008
Lizbeth,4,10,2012
Anne,8,21,2012
Casey,5,24,2008
Lindsay,6,20,2011
Virginia,11,14,2009
Heather,7,11,2009
Patricia,3,16,2010
Linda,11,19,2008
Dahlia,2,12,2008
Jessie,11,10,2010
Phoenix,12,4,2012
Lilianna,2,10,2008
Christine,7,16,2008
Shannon,6,14,2009
Sonia,3,6,2008
Ann,10,2,2012
Jenny,2,13,2012
Marisa,2,22,2010
Mae,12,13,2012
Willa,1,28,2011
Dolly,4,6,2012
Jacob,1,23,2012
Ethan,10,1,2010
Michael,2,12,2011
Mark,7,14,2012
William,11,21,2009
Noah,5,27,2010
Daniel,12,22,2008
Aiden,11,23,2008
Anthony,2,28,2008
Christopher,4,19,2012
Andrew,11,7,2010
David,10,24,2011
Matthew,1,5,2008
Caleb,11,16,2008
Elijah,6,9,2010
James,9,22,2010
Gabriel,12,28,2011
Benjamin,12,9,2008
Brandon,6,4,2010
Samuel,6,16,2010
John,11,3,2010
Nathan,2,7,2009
Jonathan,10,27,2009
Liam,11,11,2012
Dylan,2,17,2010
Landon,6,1,2011
Evan,2,14,2011
Nicholas,9,12,2008
Isaac,10,21,2012
Luke,9,1,2012
Isaiah,1,15,2011
Jordan,8,21,2011
Carter,8,14,2010
Jose,6,15,2008
Robert,6,15,2008
Aaron,5,17,2010
Kevin,10,16,2008
Hunter,2,4,2011
Zachary,12,4,2012
Thomas,11,24,2011
Eli,1,22,2009
Henry,8,27,2012
Juan,9,18,2009
Josiah,1,22,2010
Connor,6,12,2009
Adam,3,22,2008
Nathaniel,4,5,2010
Blake,6,10,2009
Oliver,12,6,2010
Alex,6,21,2011
Eric,11,28,2011
Bryan,1,23,2012
Max,12,28,2008
Brian,4,13,2011
Wyatt,2,28,2012
Kyle,11,25,2012
Sean,7,14,2009
Jason,1,1,2008
Levi,7,5,2009
Ian,1,3,2009
Jack,4,1,2012
Ryan,1,3,2011
Christian,10,8,2012
Vincent,10,11,2008
Colin,5,1,2009
Steven,7,13,2012
Damian,8,21,2012
Grayson,2,19,2010
Ivan,9,13,2011
Jesse,2,15,2012
Brady,2,6,2011
Jeremiah,7,21,2011
Marcus,2,27,2012
Lucas,5,18,2012
Hudson,10,26,2011
Elias,9,3,2010
Jeremy,3,17,2011
Ivan,12,13,2011
Jonah,9,3,2010
Easton,2,3,2008
Joshua,11,11,2009
Joseph,12,15,2009
Richard,1,25,2012
Patrick,8,13,2011
Charles,11,16,2012
Joel,6,26,2011
