Jacob,6,2,2012
Noah,4,7,2009
Elijah,9,17,2008
James,2,21,2009
John,3,27,2010
Jerry,2,1,2009
Chris,2,2,2012
Tommy,4,7,2008
Luke,5,16,2008
Elizabeth,6,26,2012
Adam,11,1,2011
Sarah,12,21,2010
Evelyn,10,23,2009
Bella,2,2,2012
Hudson,11,12,2009
Lilly,3,27,2008
Mary,3,11,2010
Brian,11,27,2011
Glenn,7,7,2010
Eleanor,2,2,2012
April,5,2,2008
Curtis,12,28,2009
Jane,6,8,2010
Chelsea,6,23,2008
Maggie,6,14,2012
Cassidy,7,2,2011
Annie,6,23,2008
Anne,6,23,2008
Terra,7,28,2010
Phoenix,2,24,2011
Christine,9,4,2010
Willa,1,14,2012
