Ruth,12,28,2012
Casey,12,24,2012
Georgia,12,19,2012
Jeremy,12,18,2012
Zoe,12,17,2012
Richard,12,16,2012
Alicia,12,16,2012
Noel,12,13,2012
Nathan,12,11,2012
Christopher,12,10,2012
Rachel,12,9,2012
Lucy,12,9,2012
Andrew,12,7,2012
Ashton,12,4,2012
Aiden,12,3,2012
Alexia,12,1,2012
Malia,11,28,2012
Anna,11,24,2012
Marisa,11,20,2012
Eli,11,20,2012
Annie,11,18,2012
Lucy,11,17,2012
Savannah,11,16,2012
Edward,11,16,2012
Dolly,11,16,2012
Francis,11,15,2012
Denise,11,15,2012
Claire,11,15,2012
Daniel,11,7,2012
Nathaniel,11,6,2012
Jeffrey,11,2,2012
Emma,10,27,2012
Wayne,10,26,2012
Leo,10,25,2012
Eric,10,23,2012
Marie,10,21,2012
Isaiah,10,21,2012
Conner,10,21,2012
Gabriel,10,20,2012
Ann,10,20,2012
Mia,10,17,2012
Liam,10,15,2012
James,10,13,2012
Jessie,10,11,2012
Zack,10,9,2012
Taylor,10,8,2012
Shane,10,7,2012
Virginia,10,2,2012
Stephanie,9,28,2012
Alex,9,28,2012
Faith,9,25,2012
Madeline,9,24,2012
Mia,9,22,2012
Eric,9,22,2012
Cynthia,9,22,2012
Madeline,9,20,2012
Davin,9,20,2012
Lewis,9,18,2012
Mary,9,13,2012
April,9,8,2012
Hunter,9,6,2012
Marissa,9,3,2012
Joel,9,2,2012
Jeffrey,8,28,2012
Frank,8,27,2012
Naomi,8,20,2012
Leslie,8,18,2012
Grayson,8,17,2012
Isiah,8,16,2012
Savannah,8,14,2012
Cody,8,14,2012
Peyton,8,13,2012
Noel,8,13,2012
Andrea,8,12,2012
Nicole,8,10,2012
Jenna,8,10,2012
Georgia,8,8,2012
Sean,8,6,2012
Marissa,8,6,2012
Vincent,8,5,2012
Sophia,8,5,2012
Raymond,8,5,2012
Julianna,8,2,2012
Jason,8,2,2012
Linda,8,1,2012
Shannon,7,28,2012
Gabriel,7,28,2012
Ruby,7,27,2012
Michael,7,23,2012
Megan,7,21,2012
Sylas,7,19,2012
Jonathan,7,17,2012
Denise,7,16,2012
Marcus,7,15,2012
Olivia,7,14,2012
Samantha,7,13,2012
Lilianna,7,11,2012
Richard,7,8,2012
Matthew,7,7,2012
Kyle,7,7,2012
Harry,7,6,2012
Lily,7,4,2012
Daisy,7,4,2012
Noel,6,26,2012
Jonathan,6,26,2012
Elizabeth,6,26,2012
Lucy,6,25,2012
Jacob,6,24,2012
Joshua,6,23,2012
Caroline,6,23,2012
Caroline,6,22,2012
Blake,6,21,2012
Robert,6,17,2012
Thomas,6,15,2012
Troy,6,14,2012
Maggie,6,14,2012
Shane,6,9,2012
Oliver,6,9,2012
Sierra,6,8,2012
Moses,6,8,2012
Frank,6,8,2012
Jamison,6,6,2012
Reggie,6,4,2012
Jane,6,3,2012
Davin,6,1,2012
David,6,1,2012
Nadia,5,27,2012
Wayne,5,26,2012
Maxwell,5,25,2012
Aiden,5,25,2012
Jack,5,23,2012
Isaiah,5,21,2012
Casey,5,21,2012
Rose,5,19,2012
Marisa,5,19,2012
Ethan,5,19,2012
Madeline,5,17,2012
Evelyn,5,17,2012
Travis,5,16,2012
George,5,14,2012
Jessie,5,12,2012
Gabriel,5,8,2012
Piper,5,6,2012
Travis,5,2,2012
Amy,4,24,2012
Jonas,4,22,2012
Aurora,4,20,2012
Andrea,4,20,2012
Peyton,4,18,2012
Eleanor,4,18,2012
Zack,4,17,2012
Hank,4,17,2012
Penelope,4,16,2012
Brady,4,16,2012
Rose,4,15,2012
Brady,4,15,2012
Billy,4,14,2012
Ashton,4,11,2012
Clara,4,10,2012
Jordan,4,9,2012
Conner,4,9,2012
Brian,4,9,2012
Ann,4,4,2012
Bradley,4,3,2012
Danielle,3,27,2012
Angela,3,25,2012
Tessa,3,24,2012
Danielle,3,23,2012
Catherine,3,20,2012
Viola,3,19,2012
Valerie,3,19,2012
Louis,3,19,2012
Drew,3,15,2012
Richard,3,14,2012
Katherine,3,11,2012
Juan,3,11,2012
Erin,3,11,2012
Megan,3,10,2012
Derek,3,9,2012
Kenneth,2,23,2012
Henry,2,22,2012
Lucas,2,19,2012
Brian,2,19,2012
Alex,2,19,2012
Abigail,2,16,2012
Georgia,2,12,2012
Annabella,2,12,2012
Adrianna,2,9,2012
Damien,2,8,2012
Bella,2,4,2012
Angelina,2,4,2012
Chris,2,2,2012
Sarah,1,28,2012
Christina,1,25,2012
Erica,1,23,2012
Danielle,1,20,2012
Elias,1,19,2012
Emmanuel,1,18,2012
Ian,1,15,2012
Juan,1,14,2012
Juan,1,14,2012
Reggie,1,11,2012
Jordan,1,11,2012
Lilly,1,8,2012
Erin,1,8,2012
Mark,1,7,2012
Hannah,1,4,2012
Erica,1,4,2012
Hank,1,2,2012
Summer,1,1,2012
Stephen,1,1,2012
Sonia,1,1,2012
Joel,1,1,2012
Shannon,12,25,2011
Naomi,12,24,2011
Maggie,12,24,2011
Dahlia,12,24,2011
Zack,12,23,2011
Jillian,12,22,2011
Aaron,12,22,2011
Joey,12,21,2011
Steven,12,19,2011
Eli,12,16,2011
Carly,12,16,2011
Brent,12,16,2011
Ava,12,15,2011
Morgan,12,12,2011
Clara,12,11,2011
Lillian,12,10,2011
Leo,12,10,2011
Jordan,12,8,2011
Joanna,12,8,2011
Jennifer,12,8,2011
Ruth,12,4,2011
Hailey,12,4,2011
Troy,12,1,2011
Haley,11,27,2011
Vincent,11,18,2011
Arabella,11,18,2011
Angela,11,18,2011
Piper,11,17,2011
Hudson,11,15,2011
Jeremiah,11,9,2011
Kyla,11,8,2011
Edgar,11,7,2011
Jennifer,11,6,2011
Chelsea,11,5,2011
Ryan,11,1,2011
Lillian,11,1,2011
Lauren,10,28,2011
Wesley,10,26,2011
Blake,10,25,2011
Cindy,10,22,2011
Harry,10,18,2011
Ricardo,10,17,2011
Lilianna,10,15,2011
Oliver,10,14,2011
Samantha,10,10,2011
Fiona,10,10,2011
Heidi,10,9,2011
Brandon,10,7,2011
Abigail,10,6,2011
Mia,10,4,2011
Morgan,10,3,2011
Corey,10,3,2011
Derek,10,1,2011
Nadia,9,26,2011
Chris,9,26,2011
Willa,9,25,2011
Liam,9,21,2011
Luke,9,19,2011
Chloe,9,16,2011
Henry,9,13,2011
Grayson,9,13,2011
April,9,11,2011
Robert,9,10,2011
Ashley,9,10,2011
Lewis,9,9,2011
Stephen,9,7,2011
Clara,9,7,2011
Claire,9,5,2011
Rachel,9,1,2011
Sierra,8,26,2011
Elizabeth,8,25,2011
Rebecca,8,22,2011
Penelope,8,21,2011
Amy,8,21,2011
Marie,8,19,2011
Emmanuel,8,19,2011
Claire,8,18,2011
Grace,8,17,2011
Aurora,8,17,2011
Penelope,8,16,2011
Michael,8,16,2011
Allison,8,12,2011
Maxwell,8,11,2011
Tessa,8,10,2011
Lilianna,8,5,2011
Wesley,8,4,2011
Molly,8,1,2011
Edgar,7,27,2011
Sean,7,22,2011
Thomas,7,21,2011
Melanie,7,21,2011
Jane,7,20,2011
Paul,7,16,2011
Kyla,7,14,2011
Fiona,7,14,2011
Steven,7,9,2011
Eugene,7,9,2011
Zachary,7,5,2011
Carter,7,4,2011
Josiah,7,2,2011
Isaac,7,2,2011
Cassidy,7,2,2011
Paul,6,27,2011
Jordan,6,27,2011
Heidi,6,27,2011
Benjamin,6,27,2011
Emmanuel,6,26,2011
George,6,23,2011
James,6,19,2011
Willow,6,17,2011
Sage,6,17,2011
Alicia,6,16,2011
Rebecca,6,15,2011
Jeremiah,6,15,2011
Hailey,6,13,2011
Caroline,6,12,2011
Ivan,6,10,2011
Haley,6,7,2011
Kyla,6,6,2011
Drew,6,6,2011
Steve,6,4,2011
Melissa,6,2,2011
Karen,5,27,2011
Wyatt,5,24,2011
Francis,5,24,2011
Nina,5,21,2011
Cindy,5,21,2011
Jane,5,18,2011
Dylan,5,17,2011
Christian,5,17,2011
Danny,5,11,2011
Naomi,5,10,2011
Adrianna,5,9,2011
Silas,5,5,2011
Caitlyn,5,5,2011
Lucas,5,2,2011
Gracie,5,2,2011
Shannon,4,25,2011
Samuel,4,25,2011
Grace,4,25,2011
Randy,4,23,2011
Justin,4,15,2011
Ariel,4,15,2011
Victoria,4,13,2011
Bradley,4,12,2011
Amber,4,12,2011
Donovan,4,10,2011
Evan,4,9,2011
Jacob,4,8,2011
Jose,4,5,2011
Jessica,4,4,2011
Daisy,4,4,2011
Michelle,4,2,2011
Vanessa,4,1,2011
Christina,3,28,2011
Mae,3,26,2011
Jerry,3,23,2011
Willow,3,21,2011
Paris,3,19,2011
Jacob,3,18,2011
Molly,3,17,2011
Colin,3,17,2011
Liam,3,16,2011
Christopher,3,14,2011
Matthew,3,12,2011
Isaiah,3,12,2011
Emma,3,12,2011
Ethan,3,8,2011
Emma,3,8,2011
Phoenix,3,7,2011
Chloe,3,6,2011
Carter,3,6,2011
Grace,3,1,2011
Connor,3,1,2011
Lauren,2,28,2011
Linda,2,27,2011
Lily,2,26,2011
Hailey,2,25,2011
Phoenix,2,24,2011
Josiah,2,24,2011
Eugene,2,24,2011
Colin,2,24,2011
Darius,2,23,2011
William,2,22,2011
Gabriel,2,22,2011
Summer,2,21,2011
Isaiah,2,21,2011
Alice,2,20,2011
Louis,2,14,2011
Damian,2,14,2011
Allison,2,13,2011
Ivan,2,11,2011
Anne,2,11,2011
Shane,2,9,2011
Taylor,2,8,2011
August,2,4,2011
Seth,2,2,2011
Piper,2,1,2011
Julia,1,23,2011
Harry,1,21,2011
Kenneth,1,20,2011
Evan,1,20,2011
Marcus,1,13,2011
Silas,1,10,2011
Jack,1,2,2011
John,12,24,2010
Nicolas,12,23,2010
Holly,12,22,2010
Sarah,12,21,2010
Amber,12,19,2010
Aiden,12,19,2010
Isaac,12,15,2010
Thomas,12,7,2010
Nicolas,12,6,2010
Jillian,12,5,2010
Raymond,12,4,2010
Charlotte,12,4,2010
Eli,12,2,2010
Celia,11,25,2010
Savannah,11,23,2010
Silas,11,18,2010
Levi,11,17,2010
Brady,11,16,2010
Brianna,11,14,2010
Megan,11,10,2010
Cynthia,11,8,2010
Cindy,11,4,2010
Davin,10,27,2010
Rachel,10,23,2010
Laura,10,23,2010
Abraham,10,21,2010
Vanessa,10,18,2010
Isaac,10,18,2010
Moses,10,10,2010
Jamison,10,10,2010
April,10,10,2010
Tommy,10,9,2010
Sophie,10,9,2010
Landon,10,7,2010
Mae,10,4,2010
Dahlia,10,4,2010
Jeffrey,10,2,2010
Isiah,10,2,2010
Leo,9,26,2010
Carolina,9,25,2010
Kelly,9,24,2010
Cassandra,9,24,2010
Simon,9,23,2010
Sylas,9,22,2010
Catherine,9,22,2010
Adam,9,22,2010
Zoe,9,21,2010
Karen,9,21,2010
Lindsay,9,20,2010
David,9,20,2010
Celia,9,20,2010
Steven,9,19,2010
Jude,9,14,2010
Jesse,9,13,2010
Marisa,9,12,2010
Willie,9,8,2010
Charlie,9,8,2010
George,9,7,2010
Finn,9,6,2010
Leslie,9,5,2010
Christine,9,4,2010
Celeste,8,28,2010
Bradley,8,28,2010
Jack,8,26,2010
Wyatt,8,25,2010
Christian,8,25,2010
Casey,8,25,2010
Noah,8,22,2010
Derek,8,22,2010
Noah,8,21,2010
Luna,8,20,2010
Taylor,8,14,2010
Maxwell,8,13,2010
Paris,8,4,2010
Patricia,7,28,2010
Kelly,7,28,2010
Connor,7,25,2010
Isaac,7,24,2010
Michelle,7,21,2010
Katherine,7,16,2010
Julianna,7,16,2010
Aurora,7,16,2010
Hudson,7,12,2010
Morgan,7,10,2010
James,7,9,2010
Caitlyn,7,9,2010
Alice,7,8,2010
Summer,7,7,2010
Evan,7,3,2010
Elias,7,2,2010
Nicholas,7,1,2010
Anthony,7,1,2010
Josephine,6,25,2010
Adam,6,24,2010
Angela,6,20,2010
Carly,6,14,2010
Mariah,6,9,2010
Ivan,6,9,2010
Jane,6,8,2010
William,6,4,2010
Mark,6,3,2010
Samuel,6,2,2010
Randy,6,1,2010
Ian,5,24,2010
Lauren,5,22,2010
Lizbeth,5,20,2010
Jamison,5,19,2010
Francisco,5,17,2010
Taylor,5,16,2010
Raymond,5,15,2010
Patrick,5,14,2010
Andrea,5,14,2010
Ralph,5,13,2010
Malia,5,11,2010
Virginia,5,10,2010
Bella,5,8,2010
Kevin,5,7,2010
Curtis,5,4,2010
Marie,5,2,2010
Sadie,5,1,2010
Lillian,5,1,2010
Ethan,4,25,2010
Henry,4,24,2010
Charles,4,23,2010
Christine,4,19,2010
Cecilia,4,19,2010
Brian,4,18,2010
Olivia,4,16,2010
Marie,4,11,2010
John,3,27,2010
Damien,3,27,2010
Jordan,3,25,2010
Ralph,3,24,2010
Travis,3,20,2010
Moses,3,20,2010
Ashley,3,17,2010
Seth,3,14,2010
Natalie,3,13,2010
Mary,3,11,2010
Leah,3,11,2010
Joshua,3,10,2010
Cassidy,3,7,2010
Matthew,3,6,2010
Adrianna,3,5,2010
Jose,3,2,2010
Carter,2,28,2010
Eli,2,26,2010
Kenneth,2,21,2010
Jared,2,21,2010
Dylan,2,20,2010
Natalie,2,19,2010
Amelia,2,19,2010
Steve,2,18,2010
Jonah,2,17,2010
Jenny,2,14,2010
Reggie,2,11,2010
Heather,2,11,2010
Erin,2,8,2010
Annabella,2,8,2010
Jessica,2,7,2010
David,2,5,2010
Ruth,2,1,2010
Ralph,2,1,2010
Ava,2,1,2010
Aiden,2,1,2010
Robert,1,28,2010
Corey,1,26,2010
Christopher,1,26,2010
William,1,25,2010
Todd,1,23,2010
Joey,1,19,2010
Lydia,1,16,2010
Laura,1,11,2010
Victoria,1,5,2010
Willie,1,4,2010
Linda,1,4,2010
Jeremiah,1,3,2010
Angel,12,28,2009
Charlotte,12,26,2009
Joel,12,25,2009
Sierra,12,23,2009
August,12,22,2009
Carolina,12,19,2009
Ann,12,18,2009
Justin,12,16,2009
Jane,12,13,2009
Easton,12,13,2009
Nina,12,11,2009
Casey,12,9,2009
Easton,12,8,2009
Caleb,12,8,2009
Michael,12,6,2009
Jesse,12,3,2009
Abigail,12,3,2009
Natalie,12,2,2009
Francisco,12,2,2009
Lilianna,11,27,2009
Curtis,11,27,2009
Marissa,11,25,2009
Simon,11,24,2009
Melanie,11,22,2009
Michael,11,19,2009
Francisco,11,19,2009
Karen,11,18,2009
Charlie,11,18,2009
Fernando,11,14,2009
Sophie,11,12,2009
Julianna,11,12,2009
Amy,11,12,2009
Jonathan,11,11,2009
Haley,11,11,2009
Andrew,11,8,2009
Dolly,11,5,2009
Corey,11,4,2009
Julianna,11,1,2009
Nicholas,10,27,2009
Eleanor,10,27,2009
Simon,10,26,2009
Peyton,10,26,2009
Joanna,10,26,2009
Daisy,10,25,2009
Laura,10,24,2009
Evelyn,10,23,2009
Amanda,10,23,2009
Aaron,10,23,2009
Levi,10,21,2009
Easton,10,19,2009
Joseph,10,17,2009
Ariel,10,17,2009
Omar,10,16,2009
Jason,10,13,2009
Brent,10,12,2009
Vincent,10,11,2009
Edgar,10,10,2009
Danny,10,8,2009
Chris,10,5,2009
Joey,10,3,2009
Hannah,10,1,2009
Willie,9,28,2009
Steve,9,27,2009
Heather,9,27,2009
Dahlia,9,26,2009
Willa,9,24,2009
Connor,9,24,2009
Celeste,9,23,2009
Jeremy,9,22,2009
Nicholas,9,21,2009
Ethan,9,21,2009
Hudson,9,20,2009
Adam,9,20,2009
Patricia,9,18,2009
Jonah,9,18,2009
Mariah,9,17,2009
Malia,9,17,2009
Joseph,9,16,2009
Victoria,9,15,2009
Charles,9,14,2009
Phoenix,9,13,2009
Anthony,9,12,2009
Andrew,9,12,2009
Blake,9,11,2009
Fernando,9,10,2009
Allison,9,8,2009
Mariah,9,7,2009
Mary,9,6,2009
Jude,9,6,2009
Max,9,1,2009
Anna,8,27,2009
Donovan,8,24,2009
Hannah,8,23,2009
Jonah,8,20,2009
Jerry,8,20,2009
Christian,8,17,2009
Denise,8,16,2009
Anna,8,16,2009
Zachary,8,12,2009
Kevin,8,9,2009
Benjamin,8,8,2009
Nathaniel,8,7,2009
Sage,8,6,2009
Jeremy,7,27,2009
Sadie,7,25,2009
Nicole,7,25,2009
Daniel,7,23,2009
Colin,7,23,2009
Celeste,7,23,2009
Paris,7,21,2009
Aaron,7,21,2009
Carter,7,20,2009
Evelyn,7,19,2009
Landon,7,18,2009
Levi,7,16,2009
Emily,7,15,2009
Amanda,7,13,2009
Samuel,7,12,2009
August,7,6,2009
Tessa,7,4,2009
Holly,6,27,2009
Gracie,6,26,2009
Patricia,6,23,2009
Jessie,6,23,2009
Benjamin,6,20,2009
Olivia,6,19,2009
Mark,6,19,2009
Amber,6,18,2009
Mark,6,14,2009
Ivan,6,12,2009
Emily,6,12,2009
Josephine,6,11,2009
Cassidy,6,6,2009
Gracie,6,5,2009
Crystal,6,5,2009
Chelsea,6,3,2009
Jennifer,5,27,2009
Lily,5,25,2009
Conner,5,25,2009
Sage,5,23,2009
Ryan,5,22,2009
Randy,5,22,2009
Jane,5,21,2009
Anne,5,21,2009
Jonas,5,19,2009
Ricardo,5,11,2009
Leah,5,10,2009
Jonas,5,10,2009
Frank,5,7,2009
Catherine,5,7,2009
Graham,5,5,2009
Matthew,5,1,2009
Diana,5,1,2009
Cynthia,4,26,2009
Charlotte,4,26,2009
Erin,4,24,2009
Nina,4,23,2009
Jessica,4,22,2009
Brianna,4,22,2009
Francis,4,20,2009
Molly,4,18,2009
Virginia,4,17,2009
Lucas,4,16,2009
Sophia,4,14,2009
Wesley,4,13,2009
Charles,4,11,2009
Noah,4,7,2009
Lindsay,4,7,2009
Dolly,4,4,2009
Jillian,3,27,2009
Ariel,3,26,2009
Kevin,3,25,2009
Curtis,3,25,2009
Chelsea,3,23,2009
Stephanie,3,22,2009
Seth,3,20,2009
Isabella,3,20,2009
Bryan,3,20,2009
Julianna,3,19,2009
Melissa,3,15,2009
Alice,3,15,2009
Sarah,3,12,2009
Grayson,3,11,2009
Willow,3,10,2009
Landon,3,9,2009
Graham,3,8,2009
Joseph,3,7,2009
Johnathan,2,25,2009
Marie,2,24,2009
Toby,2,23,2009
James,2,21,2009
Ruby,2,16,2009
Charlie,2,16,2009
Jason,2,12,2009
Brent,2,9,2009
Brandon,2,6,2009
Todd,2,4,2009
Jenny,2,2,2009
Edward,2,2,2009
Jerry,2,1,2009
Holly,2,1,2009
Andrew,2,1,2009
Hunter,1,25,2009
Natalia,1,24,2009
Stephanie,1,22,2009
Josiah,1,22,2009
Josephine,1,22,2009
Nathan,1,20,2009
Fiona,1,19,2009
Marcus,1,15,2009
Annie,1,12,2009
Danny,1,11,2009
Nicole,1,9,2009
Jenny,1,8,2009
Melissa,1,5,2009
William,1,3,2009
Luke,1,1,2009
Jose,12,26,2008
Emily,12,26,2008
Viola,12,20,2008
Lilianna,12,18,2008
Cassandra,12,18,2008
Damian,12,13,2008
Melanie,12,12,2008
Zoe,12,7,2008
Joshua,12,7,2008
Edward,12,7,2008
Elijah,12,1,2008
Chloe,12,1,2008
Lilianna,11,27,2008
Ivan,11,22,2008
Sean,11,19,2008
Liam,11,18,2008
Wayne,11,14,2008
Elijah,11,12,2008
Brandon,11,11,2008
Julia,11,10,2008
Faith,11,9,2008
Melissa,11,8,2008
Leah,11,8,2008
Kelly,11,8,2008
Erica,11,8,2008
Christine,11,7,2008
Jenna,11,6,2008
Luke,11,3,2008
Daniel,10,26,2008
Taylor,10,25,2008
Nathaniel,10,25,2008
Cecilia,10,25,2008
Arabella,10,25,2008
Finn,10,23,2008
Annie,10,23,2008
Rebecca,10,21,2008
Jonathan,10,20,2008
Kyle,10,17,2008
Melissa,10,15,2008
Anthony,10,14,2008
Nicholas,10,13,2008
Annabella,10,13,2008
Caitlyn,10,11,2008
Cody,10,9,2008
Ruby,10,7,2008
Angel,10,6,2008
Rose,10,4,2008
Angelina,10,3,2008
Lewis,10,1,2008
Heather,10,1,2008
Erin,9,26,2008
Billy,9,26,2008
Amelia,9,21,2008
Darius,9,20,2008
Alexia,9,19,2008
Elijah,9,17,2008
Melissa,9,16,2008
John,9,16,2008
Damien,9,15,2008
Landon,9,13,2008
Ashley,9,11,2008
Mae,9,10,2008
Bella,9,10,2008
Darius,9,9,2008
Alicia,9,7,2008
Jude,9,5,2008
Brandon,9,4,2008
Angelina,9,4,2008
Donovan,9,2,2008
Thomas,9,1,2008
Casey,9,1,2008
Taylor,8,28,2008
Luna,8,28,2008
April,8,28,2008
Elizabeth,8,27,2008
Valerie,8,25,2008
Troy,8,18,2008
Cody,8,18,2008
Bryan,8,18,2008
Benjamin,8,17,2008
Samantha,8,13,2008
Nadia,8,13,2008
Ashton,8,12,2008
Crystal,8,11,2008
Erin,8,8,2008
Nicolas,8,3,2008
Fernando,8,2,2008
Hunter,7,28,2008
Caleb,7,27,2008
Marie,7,26,2008
Sophie,7,25,2008
Juan,7,25,2008
Henry,7,21,2008
Lydia,7,17,2008
Daniel,7,15,2008
Stephen,7,13,2008
Omar,7,13,2008
Isiah,7,13,2008
Crystal,7,9,2008
Angel,7,8,2008
Casey,7,7,2008
Hunter,7,6,2008
Billy,7,6,2008
Natalia,7,5,2008
Ivan,7,1,2008
Hank,6,27,2008
Max,6,26,2008
Maggie,6,26,2008
Anne,6,23,2008
Christopher,6,20,2008
Nathan,6,18,2008
Ryan,6,17,2008
David,6,17,2008
Drew,6,15,2008
Sonia,6,12,2008
Michelle,6,12,2008
Luna,6,10,2008
Leslie,6,10,2008
Zachary,6,8,2008
Johnathan,6,8,2008
Graham,6,8,2008
Abraham,6,8,2008
Toby,6,7,2008
Eleanor,6,1,2008
Katherine,5,28,2008
Jacob,5,28,2008
Johnathan,5,27,2008
Aaron,5,26,2008
Elias,5,25,2008
April,5,25,2008
Faith,5,24,2008
Samuel,5,23,2008
Dylan,5,23,2008
Sonia,5,21,2008
Heidi,5,21,2008
Eric,5,18,2008
Isabella,5,16,2008
John,5,15,2008
Vanessa,5,13,2008
Ava,5,13,2008
Omar,5,12,2008
Kevin,5,11,2008
Caleb,5,10,2008
Anthony,5,10,2008
Todd,5,8,2008
Cassandra,5,6,2008
Zachary,5,5,2008
Julianna,5,5,2008
Amelia,5,5,2008
April,5,2,2008
Jenna,4,28,2008
Patrick,4,27,2008
Amanda,4,24,2008
Luke,4,23,2008
Carolina,4,22,2008
Louis,4,21,2008
Willa,4,20,2008
Tommy,4,16,2008
Jared,4,16,2008
Sophia,4,12,2008
Alexia,4,11,2008
Jordan,4,10,2008
Paul,4,4,2008
Finn,4,4,2008
Carly,4,3,2008
Oliver,4,1,2008
Diana,4,1,2008
Justin,3,28,2008
Lilly,3,27,2008
Wyatt,3,25,2008
Tommy,3,23,2008
Abraham,3,23,2008
Lilly,3,22,2008
Ricardo,3,17,2008
Ian,3,17,2008
Valerie,3,8,2008
Patrick,3,5,2008
Toby,3,3,2008
Viola,3,2,2008
Joanna,3,2,2008
Sylas,3,1,2008
Bryan,3,1,2008
Dylan,2,27,2008
Cecilia,2,27,2008
Eugene,2,26,2008
Jordan,2,25,2008
Noah,2,24,2008
Max,2,21,2008
Sadie,2,19,2008
Arabella,2,19,2008
Diana,2,17,2008
Damian,2,9,2008
Brianna,2,7,2008
Celia,2,5,2008
Lizbeth,2,3,2008
Isabella,1,22,2008
Natalia,1,21,2008
Lizbeth,1,20,2008
Robert,1,19,2008
Kyle,1,19,2008
Christina,1,17,2008
Jesse,1,14,2008
Caleb,1,12,2008
Nathan,1,10,2008
Lydia,1,9,2008
Jared,1,9,2008
Alex,1,9,2008
Lindsay,1,8,2008
Evan,1,8,2008
Jose,1,4,2008
Julia,1,2,2008
Elijah,1,1,2008
